Name,Catalog
Analgesic,Medicines Catalog
Opiod,Medicines Catalog
Steroid,Medicines Catalog
Benzodiazepine,Medicines Catalog
Antibiotics,Medicines Catalog
Sedative,Medicines Catalog
Stimulant,Medicines Catalog
Enzyme Inhibitor,Medicines Catalog
Barbiturate,Medicines Catalog
Enzyme,Medicines Catalog
Narcotic,Medicines Catalog
Hormone,Medicines Catalog
Beta Blocker,Medicines Catalog
Receptor Antagonist,Medicines Catalog
Antidepressant,Medicines Catalog
Anabolic Steroid,Medicines Catalog
Antipsychotic,Medicines Catalog
Agonist,Medicines Catalog
ACE Inhibitor,Medicines Catalog
Anti-Inflammatory,Medicines Catalog
Depressant,Medicines Catalog
Calcium Channel Blocker,Medicines Catalog
Calcium,Medicines Catalog
Anticonvulsant,Medicines Catalog
Hallucinogen,Medicines Catalog
Nonsteroidal Anti-inflammatory Drug,Medicines Catalog
Diuretic,Medicines Catalog
Inhalant,Medicines Catalog
Hypnotic,Medicines Catalog
Antifungal,Medicines Catalog
Anti-Cold,Medicines Catalog
Anticoagulant,Medicines Catalog
Contraceptive,Medicines Catalog
Psychoactive,Medicines Catalog
Angiotensin II Receptor Blocker,Medicines Catalog
Antihypertensive Drug,Medicines Catalog
Anti-Parasite,Medicines Catalog
Dermal,Medicines Catalog
Corticosteroid,Medicines Catalog
Cannabinoid,Medicines Catalog
Antihistamine,Medicines Catalog
Protein,Medicines Catalog
Antacid,Medicines Catalog
Statin,Medicines Catalog
Vaccine,Medicines Catalog
Antiseptic,Medicines Catalog
Dietary Supplement,Medicines Catalog
Reuptake Inhibitor,Medicines Catalog
Anti-Cough,Medicines Catalog
Solvent,Medicines Catalog
Anti-Diabetic,Medicines Catalog
Laxative,Medicines Catalog
Baricade Tapes,Medical Equipment
Antimalaria,Medicines Catalog
Medical and Stationary Spill-Clean Up Kit,Medical Equipment
CPR Belt Pouch Carriers,Medical Equipment
First Aid Kits,Medical Equipment
Sharps Containers,Medical Equipment
Wipes-Sanitizers-Disinfectants,Medical Equipment
Disinfectant,Medicines Catalog
Boot Covers,Medical Equipment
Coveralls,Medical Equipment
Lubricant,Medicines Catalog
Eye Protection,Medical Equipment
Gown Apron,Medical Equipment
Hand Protection,Medical Equipment
"Masks, Respirators and Face Shields",Medical Equipment
Person Protection Safety Packs PPE,Medical Equipment
Shoe Covers,Medical Equipment
Laboratory Test Kits,Medical Equipment
Medical Equipment,Medical Equipment
